IRS_Number,Last_Name,First_Name,Street,Number,Postal_Code,City,First_Registration,Social_Security_Number
1750890924,Maldonado,Jase,4th Street South,1,17567,Istanbul,23/06/14,1788025036
1587855266,Bolton,Tyshawn,Hanover Court,9,14978,Moscow,30/10/14,1482649286
1953990713,Craig,Zavier,14th Street,37,14559,London,08/12/14,2052901165
1474592513,Kaufman,Francesca,Highland Drive,60,17428,Saint Petersburg,12/03/15,1546455051
1646254310,Fields,Damarion,Fawn Lane,72,15354,Berlin,07/04/15,1052773767
1102543023,Edwards,Siena,6th Street North,53,18757,Madrid,24/04/15,1104382291
1671659129,Werner,Hayden,Vine Street,59,16580,Kiev,07/05/15,1715890426
1041389314,Ramos,Nash,Cedar Lane,63,13722,Rome,11/05/15,1758120682
1679695968,Shea,Amari,Maple Street,19,12457,Paris,21/05/15,1749811852
1781174254,Marks,Karter,Fairview Avenue,68,18537,Bucharest,01/06/15,1461269047
1488864030,Davidson,Jaiden,Willow Street,65,19661,Minsk,01/10/15,1084528071
1426266251,Ramirez,Landyn,Cypress Court,21,15414,Vienna,13/10/15,1590700341
1668826498,Potter,Rashad,High Street,51,16813,Budapest,15/10/15,1271824434
1068671487,Strong,Camille,Sherman Street,44,14130,Hamburg,01/08/16,1822111417
1996432928,Cain,Cornelius,2nd Street West,74,12408,Warsaw,27/09/16,1878169531
1733976305,Cook,Cora,Forest Avenue,19,16181,Barcelona,25/11/16,1131294142
1164265015,Hines,Riya,Somerset Drive,45,16384,Munich,04/01/17,1345719427
1730747575,White,Aubrey,1st Avenue,5,13249,Kharkiv,27/03/17,1919412367
1919299912,Ibarra,Willow,Maple Lane,99,13310,Milan,12/04/17,1377339447
1593009679,Morrison,Danielle,Arlington Avenue,15,16808,Prague,29/06/17,1426877798
1953910624,Gardner,Marie,James Street,48,19481,Sofia,13/07/17,1553461998
1178081646,Myers,Keagan,White Street,40,11130,Nizhny Novgorod,16/08/17,1069916773
1110271866,Barron,Aurora,West Street,68,14869,Kazan,11/09/17,1142497033
2021684517,Peters,Adrian,Garden Street,33,17363,Brussels,18/10/17,1188966576
2073995489,Esparza,Jovanny,Hillside Drive,89,16846,Samara,11/12/17,1091180632
1992667871,Knox,Tatiana,Old York Road,65,15595,Belgrade,20/05/14,1696840258
1074807521,Sloan,German,Cedar Lane,41,14633,Rostov-on-Don,27/06/14,2103210578
1001142427,Odonnell,Cassidy,Virginia Street,10,14585,Birmingham,18/07/14,1326080469
2095857460,Trujillo,Sebastian,Oak Street,71,13017,Ufa,09/10/14,1198403425
1101477222,Guerra,Sawyer,Augusta Drive,34,10716,Cologne,16/10/14,1065192619
1049367104,Tapia,Maggie,10th Street,92,12478,Perm,16/01/15,1150478854
1447587418,Wall,Ross,9th Street,99,19930,Voronezh,18/02/15,1155687210
1162239467,Gonzales,Mira,Cambridge Drive,49,11015,Volgograd,14/05/15,2037027591
2086250509,Haley,Chana,Country Lane,43,19406,Odessa,31/07/15,1024941875
1575492804,Booth,Lorelai,Circle Drive,73,10701,Naples,07/09/15,1644136501
1587383018,Jacobs,Aedan,6th Avenue,37,10126,Dnipro,15/10/15,1436403943
1688595397,Hutchinson,Gabriel,3rd Avenue,63,14145,Athens,22/10/15,1351078060
2107960340,Rush,Payton,5th Street East,22,16402,Paris,07/03/16,1754797980
1340522738,Maddox,Kelvin,Aspen Court,41,10878,Istanbul,28/04/16,1819209401
1472870585,Benjamin,Kareem,Myrtle Street,86,19569,Moscow,09/05/16,1155891155
1449291387,Carlson,Janessa,Front Street South,4,15304,London,17/05/16,1551645244
1348888294,Dunn,Ashlynn,Roosevelt Avenue,26,13184,Saint Petersburg,24/06/16,1836897371
1706995096,Nicholson,Amina,Country Club Drive,14,12621,Berlin,29/06/16,1030447839
1167921104,Norman,Royce,Old York Road,29,19346,Madrid,14/07/16,1347231348
1962491402,Ryan,Colby,York Road,53,12835,Kiev,11/08/16,1174674921
1010090014,Larsen,Ethen,Penn Street,11,11371,Rome,14/10/16,1316452951
2000715258,Daniel,Juliette,10th Street,65,10202,Paris,25/10/16,1417822068
1650778156,Mclean,Steven,Center Street,42,11377,Bucharest,20/12/16,1253338991
1021520201,Thomas,Gillian,Maiden Lane,28,13760,Minsk,25/07/17,1524034258
1295177073,Hahn,Araceli,Depot Street,81,10964,Vienna,03/10/17,1085151838
1217711039,Kim,Mohamed,Sheffield Drive,37,12680,Budapest,08/05/14,1214064631
1520563807,Norris,Kylee,Adams Street,33,16382,Hamburg,04/06/14,1946052164
1177060000,Doyle,Zechariah,Victoria Court,12,12457,Warsaw,04/11/14,2099708454
1278556694,Baker,Yahir,Rosewood Drive,42,18604,Barcelona,23/12/14,1486123476
1478629312,Stewart,Sergio,Lilac Lane,62,17513,Munich,30/03/15,1570138537
1200604182,Ayers,Leonidas,Evergreen Drive,20,14817,Kharkiv,02/07/15,1768656586
1245917498,Barrett,Miriam,Sheffield Drive,21,18813,Milan,06/07/15,1799629271
1668372365,Marsh,Nolan,Arlington Avenue,14,18193,Prague,27/07/15,1405864014
1158003293,Ball,Marisa,13th Street,73,14864,Sofia,13/08/15,1063129353
1263889086,Rich,Kaiden,Country Lane,75,15784,Nizhny Novgorod,28/10/15,1846479913
1289404710,Holden,Carlos,Lexington Court,81,15991,Kazan,13/11/15,1445681009
1246544942,Mccarty,Chad,Taylor Street,55,16632,Brussels,05/02/16,1036501104
1159520070,Mcdowell,Lila,Edgewood Road,99,12845,Samara,26/02/16,1086459394
2039391748,Holt,Jovani,Locust Street,11,18690,Belgrade,06/04/16,1768121448
2145487797,Garrett,Kyleigh,Colonial Drive,21,17022,Rostov-on-Don,02/05/16,1996210069
2144732449,Pham,Tanya,Cambridge Court,47,14576,Birmingham,18/05/16,1300764023
1655974818,Carrillo,Mayra,Linden Avenue,34,11927,Ufa,19/05/16,1050298782
1101038683,Stanton,Colton,Sycamore Lane,10,13381,Cologne,09/06/16,1061315887
1401274868,Velez,Christopher,Elm Street,100,15520,Perm,12/10/16,2000990332
1772592744,Avery,Taylor,Cypress Court,20,14308,Voronezh,01/11/16,1145915678
1013631295,Waller,Bennett,Delaware Avenue,46,15651,Volgograd,02/11/16,1624460847
1807779670,Skinner,Hassan,Washington Avenue,93,10346,Odessa,11/01/17,1107721716
1657373129,Rubio,Ann,Orchard Avenue,55,17696,Naples,24/05/17,1352975471
1818525548,Fitzgerald,Tianna,Mulberry Court,91,17554,Dnipro,21/07/17,1576313957
1718941352,Mcpherson,Amaya,Sheffield Drive,21,12813,Athens,05/09/17,1921143605
2118029620,Campbell,Elise,Jefferson Avenue,100,15358,Paris,15/05/14,1836534136
1707255553,Hebert,Angie,Overlook Circle,2,13060,Istanbul,20/08/14,2097126987
1605057151,Chandler,Valentina,Hawthorne Lane,5,13673,Moscow,10/12/14,1318568065
1847472046,Woods,Saniya,Cedar Court,28,11135,London,18/12/14,1263422431
1428671072,Cordova,Mckenna,Wall Street,63,18620,Saint Petersburg,22/04/15,1323592812
1459849528,Reeves,Francisco,White Street,14,18315,Berlin,06/05/15,1251616681
1814320444,Stephens,Logan,1st Street,99,16375,Madrid,07/07/15,1223368657
1372726643,Schwartz,Mauricio,Elmwood Avenue,11,19759,Kiev,21/07/15,1799042393
1192242876,Aguilar,Maliyah,Heather Lane,43,17675,Rome,23/07/15,1611611985
1122877265,Caldwell,Kelsey,Grove Avenue,39,18105,Paris,20/08/15,1936483254
1152971838,Cameron,Charlize,Garden Street,41,19577,Bucharest,05/10/15,1898230255
1373416961,Pierce,Finley,Edgewood Drive,2,18171,Minsk,21/10/15,1795326672
1310868126,Hale,Joey,Lake Avenue,24,10601,Vienna,05/01/16,1656216194
1985097509,Irwin,Ellis,Forest Avenue,10,16075,Budapest,17/02/16,1697975421
1392147589,Savage,Dax,Church Road,70,19787,Hamburg,06/07/16,2048367488
1252797418,Bush,Jonathon,Route 44,53,17267,Warsaw,13/07/16,1030170900
1491425690,Suarez,Whitney,Pin Oak Drive,16,11465,Barcelona,21/10/16,1908778575
1005983458,Mack,Jorge,Mulberry Street,27,16767,Munich,06/12/16,1805021084
1360759659,Mcintyre,Shamar,Franklin Street,74,12017,Kharkiv,27/03/17,1312833574
1201370884,Parker,Aisha,George Street,45,14146,Milan,11/04/17,1755102939
1957555580,Clarke,Alan,North Avenue,39,17365,Prague,01/05/17,1045156041
1244851622,Jenkins,Deja,Hilltop Road,2,19745,Sofia,10/08/17,1005050971
1406306092,Lucas,Clara,Holly Court,23,18825,Nizhny Novgorod,09/10/17,1632702214
1791375793,Hensley,Harper,Locust Street,98,14617,Kazan,27/10/17,2039858479
1849926676,Wolf,Jan,Devon Court,48,11736,Brussels,26/12/17,2109611680
1129674939,Li,Kaden,Highland Drive,59,12600,Samara,04/06/14,1440351797
1342397291,Allen,Mackenzie,Summer Street,8,16189,Belgrade,20/06/14,1329530898
1872695333,Kramer,Julissa,Route 4,98,17804,Rostov-on-Don,24/07/14,1753346198
1764021063,Hammond,Karli,Penn Street,41,16227,Birmingham,15/12/14,1763225249
1352919919,Bridges,Skye,Park Street,62,14927,Ufa,14/01/15,2041576840
1868928788,Whitehead,Marley,North Avenue,81,19785,Cologne,27/01/15,1738442691
1741604366,Mullen,Selena,Poplar Street,66,11453,Perm,09/03/15,1652071169
1692262729,Becker,Shirley,Orchard Street,77,13028,Voronezh,08/05/15,2125548175
1899838541,Hoffman,Jaidyn,Linden Avenue,64,17508,Volgograd,04/09/15,1045582871
1589452801,Horn,Destinee,11th Street,17,18109,Odessa,24/12/15,1906554057
1656142054,Bender,Nikhil,James Street,60,19563,Naples,23/03/16,2142439881
1910840933,Mullins,Agustin,Hillcrest Drive,14,18942,Dnipro,01/06/16,2057469060
1484347803,Rice,Davon,White Street,87,12657,Athens,01/08/16,1023130433
1879861769,Coleman,Shayla,Lafayette Street,4,16439,Paris,12/09/16,1126926057
1596322089,Christensen,Kyra,Oak Lane,71,11484,Istanbul,20/09/16,1330199679
1318742911,Lowery,Joy,3rd Avenue,83,15479,Moscow,06/10/16,1529319283
1563026609,Hogan,Sullivan,Church Road,8,18725,London,17/10/16,1443500044
1818826481,Heath,Abril,Spring Street,7,14835,Saint Petersburg,12/12/16,1260523822
1749673616,Washington,Jamarcus,Sheffield Drive,28,16331,Berlin,28/02/17,2090023673
1187114725,Santana,Madyson,Oak Avenue,50,17894,Madrid,05/04/17,1089458139
1620311527,Weiss,Gerald,Fairway Drive,20,19245,Kiev,03/05/17,1519366620
1370850284,Davis,Luciana,Summer Street,42,16239,Rome,11/08/17,2070987671
2118087330,Fritz,Cullen,3rd Street North,22,13038,Paris,04/09/17,1091049213
2056330298,Fox,Kara,Fawn Lane,11,13198,Bucharest,13/09/17,1552065314
1468110285,Mccormick,Nicolas,5th Street North,38,16374,Minsk,26/12/17,1721499277
2011089208,Choi,Simeon,Ridge Avenue,7,12437,Vienna,24/07/14,1039118363
1476427356,Dudley,Rylie,Elm Street,10,19678,Budapest,16/02/15,1598026521
1282981223,Hughes,Kenzie,Cleveland Street,80,16868,Hamburg,13/03/15,2058754426
1175234908,Byrd,Jared,Lilac Lane,47,11222,Warsaw,18/05/15,1864844595
1651681210,Bruce,Raul,Franklin Street,30,17137,Barcelona,11/06/15,1826756234
1508384929,Osborne,Irene,Cleveland Street,7,17339,Munich,29/07/15,1030396948
1935434558,Leonard,Adeline,Homestead Drive,76,13862,Kharkiv,03/08/15,1189620575
1223766975,Ferguson,Kaleigh,Arch Street,42,13734,Milan,26/08/15,1907942171
1212442214,Cruz,Zoey,Morris Street,61,10321,Prague,01/10/15,1537816112
1346306204,Barnes,Rebekah,Taylor Street,23,10792,Sofia,28/01/16,2042995836
1216784009,Hickman,Sabrina,Route 4,68,17537,Nizhny Novgorod,10/02/16,1293450717
1506914357,Brewer,Paityn,Lexington Drive,33,16136,Kazan,11/03/16,1622498593
1700855972,Meza,Colt,Cedar Avenue,69,13981,Brussels,24/03/16,1712573125
1950480753,Webb,Zane,Overlook Circle,74,12125,Samara,08/04/16,1334766912
2017130044,Lowe,Brooks,Cambridge Drive,28,12143,Belgrade,11/04/16,1992217528
1051964730,Carney,Macie,Cypress Court,56,17637,Rostov-on-Don,18/05/16,1514963230
1044420600,Barry,Megan,Cleveland Avenue,23,14633,Birmingham,16/06/16,1326187730
1430084616,Holder,Chase,Briarwood Drive,72,15187,Ufa,03/01/17,1027223683
1529620082,Baird,Hezekiah,3rd Street West,67,16526,Cologne,24/03/17,1594822733
1182756448,Hendricks,Amani,Homestead Drive,87,12745,Perm,25/05/17,1296185173
1071066478,Krause,Russell,Country Club Road,1,19886,Voronezh,20/06/17,1656926520
2070572495,Richardson,Fiona,New Street,46,15120,Volgograd,22/06/17,1209854678
1950341612,Lucero,Randall,1st Avenue,81,14074,Odessa,17/07/17,2031628580
1931158785,Rogers,Luis,Cambridge Road,89,12530,Naples,24/07/17,2033343242
1013376299,Pollard,Lizeth,Woodland Road,65,13750,Dnipro,14/09/17,1212883295
