IRS_Number,Social_Security_Number,First_Name,Last_Name,Street,Number,Postal_Code,City
1324341904,7026491227,Jordon,Bandy,Hawthorne Avenue,98,21122,Mililani
8906789549,5109065946,Leila,Brinton,Atlantic Avenue,5,38655,Aleknagik
4324211134,4667404686,Delicia,Rasmus,Euclid Avenue,82,27103,Tok
9056793445,6871555435,Mohamed,Ardito,Lilac Lane,77,2132,Desert Relief
6509405633,7274546402,Jackeline,Holte,Primrose Lane,56,17022,Devil Canyon
8954930543,1717458344,Ilana,Hamiter,Washington Avenue,81,44221,Squabbletown
4593353435,9409346885,Louvenia,Loo,Parker Street,3,7017,Roach
5353534534,4329573792,Naoma,Zahn,Carriage Drive,16,11368,Rome
9345345345,169720326,Giovanna,Pietz,Forest Street,45,38632,Tees Toh
5345353245,6181035803,Matha,Morace,Lexington Court,38,60030,Telluride
5634653425,9069284312,Doretta,Mcgilvray,12th Street East,63,44070,Wondervu
8543935222,5959528618,Contessa,Catto,Route 27,9,60089,Lingo
5345453535,7494002369,Jamal,Landi,Olive Street,63,27502,Echo
5345345345,6166849200,Florance,Hilger,Cemetery Road,99,7675,Equality
2343241241,9938012002,Donny,Carol,Broad Street,31,28086,Ox Level
5543534532,3796487561,Jenine,Edman,Roosevelt Avenue,8,37363,Scratch Ankle
4532424432,4275173334,Logan,Calvillo,Orchard Street,95,6492,Elevenpoint
4234241454,4061731665,Kimberlee,Cornelius,Fulton Street,5,45365,Twentythree
8967492394,439545335,Lavonna,Wehner,River Road,88,51106,Grand Detour
9019341343,5962920242,Clemencia,Gambill,Virginia Avenue,59,33054,Purdy
5245035412,4462290056,Marylouise,Kyser,Berkshire Drive,39,76522,Wettick
1459105403,1182361460,Salley,Brookes,Linden Avenue,43,44146,Bugtussle
4305438932,2231083766,Gena,Fetterolf,Academy Street,94,32708,Red Cross
4043592541,6444713740,Devin,Gosha,Creek Road,35,60174,Shamrock
7803245914,3022421388,Ailene,Prettyman,Broadway,98,8096,Dumblane
9094527845,5430740348,Celesta,Couture,4th Street South,84,33054,Free Trade
8034572534,3152784379,Kim,Ting,Belmont Avenue,97,60105,Cooter
2012441134,802300784,Kirby,Fikes,Poplar Street,88,60446,Ginger Blue
5435345094,2122956033,Eugenio,Jantzen,Park Street,85,46526,Knob Noster
5680923412,6035348096,Ivy,Holtzclaw,Myrtle Street,8,48439,Kokernot
1110043344,5885431264,Arianna,Alward,Virginia Street,31,33880,Moonshine Hill
2200043224,7970290770,Leslee,Alicea,Cambridge Drive,90,43110,Oatmeal
5423500000,7718913366,Stacie,Westbrooks,Fawn Lane,88,6405,Jump River
6900000013,7586155645,Sharda,Seawell,Brandywine Drive,98,21208,Lordship
6570000031,107569652,Van,Ku,Rose Street,21,2919,Hill n Dale
3424210011,3390072908,Zita,Child,Franklin Street,11,37066,Mossy Head
4532412001,1372080783,Lucilla,Adamo,Locust Street,80,7093,Gross Still
5434520001,439963597,Roslyn,Volpe,Roosevelt Avenue,72,37122,Hentown
5432543001,4556367596,Adolph,Troop,Lafayette Street,4,32084,Ballstown
5234145199,3253799246,Bradford,Baughman,High Street,61,46060,Steam Corner
4546778099,1838662455,Ina,Berardi,Sherwood Drive,97,34761,Strong
3340094311,5002626035,Azzie,Milera,Railroad Street,81,54952,Fricks Crossing
4324510001,5962380529,Carola,Dorman,Central Avenue,95,16066,Nanjemoy
5452089054,6800090401,Louanne,Dehoyos,Hawthorne Lane,53,54650,Sippewisset
5430004524,5246944891,Kate,Haltom,Queen Street,50,36109,Dicktown
5445990090,850539626,Olin,Lanser,Market Street,50,68506,King Ferry
5400099090,2258573397,Scarlet,Mcnally,Mulberry Lane,42,27529,Sandy Mush
5788934591,8112478991,Melva,Ownby,Hartford Road,67,30815,Worry
5499009541,8435607790,Phebe,Tolentino,Dogwood Lane,49,37363,Owls Town
5490089094,9587110745,Gerald,Millsaps,Homestead Drive,30,21221,Tiny
5482924022,3297043564,Lorilee,Mcgurk,Creekside Drive,4,32547,Pushawalla Palms
5490924302,3318325324,Alva,Dufour,Walnut Avenue,80,21093,Stargo
8909894312,9823452573,Bea,Amick,Buttonwood Drive,42,30084,Three Rocks
9076520422,9096394336,Amelia,Mays,Strawberry Lane,37,15206,Dynamite
8459202122,2772841310,Viki,Colburn,Adams Street,22,46368,Pitoikam
2034589230,3201165513,Viviana,Sisemore,Park Avenue,78,81001,Tsintaa Yiti Ii
5439345232,5450427894,Carmela,Bronner,Myrtle Avenue,41,28803,Dallas
4532453215,6855664064,Tien,Monteiro,Brookside Drive,25,30144,Freeland
4903451212,27836173,Renate,Helmers,Meadow Lane,17,27834,Wildcat
5321200945,5103163452,Damien,Maresca,Charles Street,97,11701,Athol
5678901411,1365517229,Chantelle,Grafton,Pin Oak Drive,45,44256,Stoner Place
5439253458,2076804079,Marilee,Chatman,Cooper Street,10,29550,Surprise Creek Colony
5347814902,5577856799,Paulita,Niccum,Vine Street,25,19082,Pot Creek
5423740744,8995369838,Leisa,Olivar,Myrtle Street,85,44077,Echo
7830221134,3318676511,Felix,Maudlin,Spruce Avenue,9,7076,Hurricane
5435997133,7321192324,Horace,Bachelder,2nd Street,45,22030,Centennial
5421809453,5733647937,Timika,Tisby,Brook Lane,64,20747,Economy
7658099111,25691114,Katelyn,Burruel,Bayberry Drive,83,30274,Moscow
5637920132,5826856802,Pamala,Benites,North Avenue,94,91784,Muddy Fork
5437390132,2950161825,Fredia,Wherry,Virginia Avenue,15,29687,Bone Gap
4816461285,9396552675,Benito,Dressler,3rd Street West,22,46350,Doubleday
1232901234,9027178246,Moira,Bibler,Valley Drive,20,59404,Holland
8349100334,1066956438,Les,Pua,Cambridge Drive,52,19067,Witchwood
4385934251,641243275,Pauletta,Eddleman,Monroe Street,87,1752,Kracker Station
1144553622,4618603015,Dorthy,Fairclough,Colonial Avenue,50,21042,Oktibbeha
8899843022,3378109474,Allegra,Sluss,Sheffield Drive,45,52001,Whynot
2222689934,4398225824,Florinda,Gertsch,Brookside Drive,92,46614,Killdeer
4327438221,5483676599,Rudolf,Mccollough,14th Street,66,55033,Fort Coffee
4525334513,8771893378,Phillis,Shimkus,Linda Lane,53,1880,Gruetli-Laager
4234234124,1760354446,Crystle,Fendley,Country Club Road,25,11554,King Arthur Court
4521342143,3262635729,Emelina,Althoff,Woodland Drive,71,75126,Owl Hoot
3421149113,2023585990,Micheline,Acord,Lilac Lane,96,41018,Cheek
4124890011,8303513915,Lesia,Evens,Lafayette Street,32,49221,Lolita
4332000211,6074172258,Shandra,Bratten,4th Avenue,63,7016,Tom Bean
3478890012,8447575508,Audie,Brugman,4th Street South,80,2038,Gaylordsville
7899000032,9561096682,Sueann,Francese,Columbia Street,15,30019,Weekeempee
4909002111,722730951,Nilda,Kloss,5th Street East,19,33801,Black Hog Landing
4300001134,5640638832,Torri,Hope,Maple Avenue,6,49417,Great Good Place
5477900011,3370792825,Frank,Passmore,Canal Street,25,47933,Gulls Nest
3422341113,4662456367,Keely,Biggerstaff,Route 70,28,33569,Woodsmoke
4322221478,8638172210,Aretha,Shrout,Route 30,5,48237,Shipshewana
4324211001,27875717,Euna,Dahle,Route 9,33,19406,Bingo
3131300011,2034571812,Fleta,Cather,Rosewood Drive,37,44094,Thanksgiving
4322443111,8610396495,Bridgette,Horrocks,Division Street,57,19002,Nonesuch
8890045311,2645147380,Angelique,Tomasek,Bridle Court,35,36605,Sebewaing
5747882934,3787941969,Madelene,Lovett,Cleveland Street,52,37160,Singapore
4329010134,8013753066,Kirk,Zager,Cambridge Road,72,29650,Pill Hill
4313400013,1922353757,Jerome,Nogueira,Lake Avenue,46,27909,Cattaraugus
4538890134,4906895049,Nikki,Dally,Route 5,38,30605,Widowville
4329991343,9673068608,Niesha,Ferree,Liberty Street,18,27292,Wissinoming
1876733266,26324400,Pamala,Eddleman,Lilac Lane,96,41018,Cheek
5843882414,3957179934,Fredia,Fairclough,Lafayette Street,32,49221,Lolita
2007365636,5297977050,Benito,Sluss,4th Avenue,63,7016,Tom Bean
4975313885,5805236564,Moira,Gertsch,4th Street South,80,2038,Gaylordsville
2239031242,6903821612,Les,Mccollough,Columbia Street,15,30019,Weekeempee
4872617592,7308998928,Pauletta,Shimkus,5th Street East,19,33801,Black Hog Landing
4406883948,4377856827,Dorthy,Kloss,Maple Avenue,6,49417,Great Good Place
8891623374,7815601788,Allegra,Hope,Canal Street,25,47933,Gulls Nest
4050430873,9711990076,Florinda,Passmore,Route 70,28,33569,Woodsmoke
7101488746,2730938819,Rudolf,Biggerstaff,Market Street,50,68506,King Ferry
1256186394,1481058389,Phillis,Shrout,Mulberry Lane,42,27529,Sandy Mush
7694727702,4122919178,Crystle,Dahle,Hartford Road,67,30815,Worry
4954905679,8663809506,Logan,Cather,Dogwood Lane,49,37363,Owls Town
2187214103,1629245819,Kimberlee,Horrocks,Homestead Drive,30,21221,Tiny
9027342157,5020992368,Lavonna,Tomasek,Creekside Drive,4,32547,Pushawalla Palms
3843061490,5370413123,Clemencia,Benites,Walnut Avenue,80,21093,Stargo
1144630805,8935060525,Marylouise,Wherry,Buttonwood Drive,42,30084,Three Rocks
6375903500,2740566616,Salley,Dressler,4th Street South,84,33054,Free Trade
5139009028,9451166264,Gena,Bibler,Belmont Avenue,97,60105,Cooter
5542681399,2107483625,Devin,Pua,Poplar Street,88,60446,Ginger Blue
9106662131,9535371943,Ailene,Tisby,Park Street,85,46526,Knob Noster
7418959699,3071391617,Celesta,Burruel,Myrtle Street,8,48439,Kokernot
783261758,211407816,Leila,Benites,Virginia Street,31,33880,Moonshine Hill
1514993639,6846859248,Delicia,Wherry,Homestead Drive,30,21221,Tiny
9882572819,9802902599,Mohamed,Dressler,Creekside Drive,4,32547,Pushawalla Palms
